{"cameraMode":{"drawMode":0,"name":"Shaded","section":"Shading Mode"},"sceneLighting":true,"audioPlay":false,"sceneViewState":{"showFog":true,"showMaterialUpdate":false,"showSkybox":true,"showFlares":true,"showImageEffects":true,"showParticleSystems":true},"in2DMode":false,"pivot":{"x":453.30194091796877,"y":329.8798828125,"z":-59.007476806640628},"rotation":{"x":0.35583946108818056,"y":-0.36453431844711306,"z":0.15317575633525849,"w":0.8467985987663269},"size":192.4165496826172,"orthographic":false}